PDF,Page,Search Word,Context
Cano2.pdf,26,deus, Nam cum accepisset Evangelium per revelationem Jesu Christi et mansisset cum Petro et Jacobo diebus quindecim ascendit rursus Hierosolymam secundum revelationem et contulit cum apostolis e
Cano2.pdf,7,deus, surge et comede de venatione mea Et paulo post cum Isaac interrogasset Tu es filius meus Esau respondit Jacob Ego sum Mentitus est ergo Jacob id quod agnovit pater inqui
Cano2.pdf,34,deus,s Petro inquiens Beatus es Simon Barlona quia caro et sanguis non revelavit tibi sed Pater meus qui in coelis est Certe Petrus audierat Joannis Baptistae testimonium quo aperta voce cl
Cano2.pdf,39,deus,itate quemadmodum ante constituimus hanc habet a Christo facultatem Spiritus inquit meus qui est in te et verba mea quae posui in ore tuo non recedent de ore seminis tui usque in se
Cano2.pdf,48,deus,is tradit hoc 18 De civit Dei lib haec in verba Prophetans autem de Christo Jeremias Hic Deus meus inquit et non aestimabitur alter ad eum Posthac in terris visus est et cum hominibus con
Cano2.pdf,58,deus,se cum videlicet necessum fuit hebraica verba manere Si enim interpres transtulisset Deus Deus meus ut quid dereliquisti me non fuisset a Latinis perceptum quorsum astantes dixerint Heliam vocat
Cano2.pdf,58,deus,t in pluribus locis Scriptura conservat ut hebraicum verbum cum interpretatione sua ponat Bartimeus filius Timei Aser divitiae Tabita Dorcas et Mesech vernaculas Ecce Scripturam Hi
Cano2.pdf,86,deus,tus sit esse pro nobis Huiusmodi etiam exemplum est ad Romanos ultimo Salutat vos Caius hospes meus et Universae Ecclesiae ubi Universae Ecclesiae casus gignendi est non nominandi ut 
Cano2.pdf,7,deus, surge et comede de venatione mea Et paulo post cum Isaac interrogasset Tu es filius meus Esau respondit Jacob Ego sum Mentitus est ergo Jacob id quod agnovit pater inqui
Cano2.pdf,34,deus,s Petro inquiens Beatus es Simon Barlona quia caro et sanguis non revelavit tibi sed Pater meus qui in coelis est Certe Petrus audierat Joannis Baptistae testimonium quo aperta voce cl
Cano2.pdf,39,deus,itate quemadmodum ante constituimus hanc habet a Christo facultatem Spiritus inquit meus qui est in te et verba mea quae posui in ore tuo non recedent de ore seminis tui usque in se
Cano2.pdf,48,deus,is tradit hoc 18 De civit Dei lib haec in verba Prophetans autem de Christo Jeremias Hic Deus meus inquit et non aestimabitur alter ad eum Posthac in terris visus est et cum hominibus con
Cano2.pdf,58,deus,se cum videlicet necessum fuit hebraica verba manere Si enim interpres transtulisset Deus Deus meus ut quid dereliquisti me non fuisset a Latinis perceptum quorsum astantes dixerint Heliam vocat
Cano2.pdf,58,deus,t in pluribus locis Scriptura conservat ut hebraicum verbum cum interpretatione sua ponat Bartimeus filius Timei Aser divitiae Tabita Dorcas et Mesech vernaculas Ecce Scripturam Hi
Cano2.pdf,86,deus,tus sit esse pro nobis Huiusmodi etiam exemplum est ad Romanos ultimo Salutat vos Caius hospes meus et Universae Ecclesiae ubi Universae Ecclesiae casus gignendi est non nominandi ut 
Cano2.pdf,59,sacrament, accepisse doctrinam ab eis qui audierunt sed salutis confirmationem accepit enim et Sacramenta ab illis et doctrinae confirmationem tum quia Ananias dixit illi quid oporteret eum 
Cano2.pdf,67,sacrament, Quocirca fere sanctos in Veteri Testamento hallucinari necesse erat imo adeo eiusdem instrumenti sacramenta omnia caecis oculis attrectare Ea si christianae aures merito perhorrescunt consentiamus
Cano2.pdf,71,sacrament,se quidem sed levibus tamen commutare pergunt videant illi ne religionis caeremonias sacramenta sacerdotium versionum praetextu simul invertant Adeo haec enim inter se connexa copulataque sun
Cano2.pdf,71,sacrament,se quidem sed levibus tamen commutare pergunt videant illi ne religionis caeremonias sacramenta sacerdotium versionum praetextu simul invertant Adeo haec enim inter se connexa copulataque sunt
Cano2.pdf,27,sacrament,m verba Dei a verbis hominum Atque Lutherus in libro De captivit Babylonica ubi de Ordinis Sacramento agit confitetur quidem Ecclesiam habere potestatem discernendi verbum Dei a verbis hom
Cano2.pdf,31,sacrament,iritum Dei et unctionem habentibus Si enim simplici mulierculae proponatur an accidentia in Sacramento altaris sine subiecto sint quamvis sancta sit et iusta non est opus ea de re ab unctione doceatu
Cano2.pdf,95,sacrament,tinentur in hoc etiam lex illa Nisi quis renatus fuerit etc et altera similis de poenitentiae Sacramento Praecepta rursum apostolorum quae in Sacris Literis scripta sunt quaedam a Christo
